tx_period_max,cl_period_max,periodicity,duty_cycle,rf_label
18.0,461.0,8.551148225469728,0.0341796875,BL_Beacon
2.0,30.0,128.0,0.10791015625,WiFi_Beacon
8.0,18.0,157.53846153846155,0.31884765625,BL_Stream
16.0,621.0,6.430141287284145,0.026123046875,BL_Beacon
518.0,1.0,7.892100192678227,0.992431640625,WiFi_Stream
420.0,2.0,9.706161137440759,0.990234375,WiFi_Stream
483.0,167.0,6.3015384615384615,0.799072265625,Microwave_Oven
472.0,171.0,6.370139968895801,0.811767578125,Microwave_Oven
8.0,18.0,157.53846153846155,0.323486328125,BL_Stream
