tx_period_max,cl_period_max,periodicity,duty_cycle,rf_label
459.0,31.0,1.0448979591836736,0.916015625,Microwave_Oven
5.0,12.0,30.11764705882353,0.314453125,BL_Stream
228.0,1.0,2.2358078602620086,0.9921875,WiFi_Stream
2.0,20.0,23.272727272727273,0.10546875,WiFi_Beacon
18.0,264.0,1.8156028368794326,0.041015625,BL_Beacon
